"Column 1","Column 2","Column 3","Column 4","Column 5","Column 6","Column 7","Column 8","Column 9","Column 10","Column 11","Column 12","Column 13","Column 14","Column 15","Column 16","Column 17","Column 18","Column 19","Column 20","Column 21","Column 22","Column 23","Column 24","Column 25","Column 26","Column 27","Column 28","Column 29"
"Aaron","Aaren","Aron","Arron","","","","","","","","","","","","","","","","","","","","","","","","",""
"Abigail","Abby","Abbie","Abbi","Abbey","Abigayle","","","","","","","","","","","","","","","","","","","","","","",""
"Abraham","Abe","","","","","","","","","","","","","","","","","","","","","","","","","","",""
"Albert","Bert","Burt","","","","","","","","","","","","","","","","","","","","","","","","","",""
"Adolf","Adolph","Dolph","Dolf","","","","","","","","","","","","","","","","","","","","","","","","",""
"Adrian","Adriann","","","","","","","","","","","","","","","","","","","","","","","","","","",""
"Adriana","Adria","Adrianna","","","","","","","","","","","","","","","","","","","","","","","","","",""
"Agnes","Aggie","","","","","","","","","","","","","","","","","","","","","","","","","","",""
"Aidan","Aden","Aiden","Aydan","Ayden","","","","","","","","","","","","","","","","","","","","","","","",""
"Alan","Allen","Allan","","","","","","","","","","","","","","","","","","","","","","","","","",""
"Alana","Alanis","Alanna","Alannah","","","","","","","","","","","","","","","","","","","","","","","","",""
"Alberta","Berta","","","","","","","","","","","","","","","","","","","","","","","","","","",""
"Alfred","Alfie","Alf","","","","","","","","","","","","","","","","","","","","","","","","","",""
"Alfreda","Freda","","","","","","","","","","","","","","","","","","","","","","","","","","",""
"Alison","Allison","Allyson","Allie","","","","","","","","","","","","","","","","","","","","","","","","",""
"Aliya","Alea","Aliyah","","","","","","","","","","","","","","","","","","","","","","","","","",""
"Allana","Allannah","","","","","","","","","","","","","","","","","","","","","","","","","","",""
"Almira","Elmira","","","","","","","","","","","","","","","","","","","","","","","","","","",""
"Louis","Lou","","","","","","","","","","","","","","","","","","","","","","","","","","",""
"Alphonzo","Alfonso","","","","","","","","","","","","","","","","","","","","","","","","","","",""
"Alvena","Alvi","Alvy","","","","","","","","","","","","","","","","","","","","","","","","","",""
"Alvin","Alwyn","Elvin","","","","","","","","","","","","","","","","","","","","","","","","","",""
"Amelia","Emelia","","","","","","","","","","","","","","","","","","","","","","","","","","",""
"Amy","Ami","Ammi","Aimee","","","","","","","","","","","","","","","","","","","","","","","","",""
"Andre","Deandre","","","","","","","","","","","","","","","","","","","","","","","","","","",""
"Andrew","Andy","","","","","","","","","","","","","","","","","","","","","","","","","","",""
"Angel","Angelo","","","","","","","","","","","","","","","","","","","","","","","","","","",""
"Angela","Angelia","Angelina","Angie","Angelle","Ange","","","","","","","","","","","","","","","","","","","","","","",""
"Anne","Ann","","","","","","","","","","","","","","","","","","","","","","","","","","",""
"Anthony","Antony","Tony","Toni","","","","","","","","","","","","","","","","","","","","","","","","",""
"Archibald","Archie","","","","","","","","","","","","","","","","","","","","","","","","","","",""
"Arthur","Art","","","","","","","","","","","","","","","","","","","","","","","","","","",""
"Ashley","Ashlea","Ashlee","Aahleigh","Ashlie","","","","","","","","","","","","","","","","","","","","","","","",""
"Ashlyn","Ashlynn","","","","","","","","","","","","","","","","","","","","","","","","","","",""
"Aubrey","Aubrie","","","","","","","","","","","","","","","","","","","","","","","","","","",""
"Augusta","Augie","","","","","","","","","","","","","","","","","","","","","","","","","","",""
"Augustus","August","Augustine","Angus","Gus","Gussie","","","","","","","","","","","","","","","","","","","","","","",""
"Austin","Austen","Austyn","","","","","","","","","","","","","","","","","","","","","","","","","",""
"Bailey","Bailee","Baylee","Bay","","","","","","","","","","","","","","","","","","","","","","","","",""
"Barbara","Babs","Babette","Barb","Barbie","Barbarella","","","","","","","","","","","","","","","","","","","","","","",""
"Bartholomew","Bart","Batt","","","","","","","","","","","","","","","","","","","","","","","","","",""
"Belinda","Bindy","","","","","","","","","","","","","","","","","","","","","","","","","","",""
"Benjamin","Ben","Benj","Benji","Benjy","Benny","BJ","","","","","","","","","","","","","","","","","","","","","",""
"Bernard","","","Bernie","Bernt","","","","","","","","","","","","","","","","","","","","","","","",""
"Bertha","","","Berta","","","","","","","","","","","","","","","","","","","","","","","","",""
"Beverly","Beverley","Bev","","","","","","","","","","","","","","","","","","","","","","","","","",""
"Bradley","Brad","Bradford","Bradly","","","","","","","","","","","","","","","","","","","","","","","","",""
"Brenton","Brent","","","","","","","","","","","","","","","","","","","","","","","","","","",""
"Brett","Bret","","","","","","","","","","","","","","","","","","","","","","","","","","",""
"Brian","Brion","","Bryan","Bryant","Bryon","Brien","","","","","","","","","","","","","","","","","","","","","",""
"Briana","Brianna","Brianne","Bryana","Bryanna","Bryanne","Breana","Breann","Breanne","Breanna","","","","","","","","","","","","","","","","","","",""
"Brice","Bryson","Bryce","","","","","","","","","","","","","","","","","","","","","","","","","",""
"Bridget","Bridey","Bridgette","","Brigit","","","","","","","","","","","","","","","","","","","","","","","",""
"Brittany","Britney","Britani","Brittania","Brittny","Brittney","Britt","Brit","","","","","","","","","","","","","","","","","","","","",""
"Brody","Brodie","","","","","","","","","","","","","","","","","","","","","","","","","","",""
"Brook","Brooke","","","","","","","","","","","","","","","","","","","","","","","","","","",""
"Bud","Buddy","","","","","","","","","","","","","","","","","","","","","","","","","","",""
"Caitlin","Caetlin","Caitlyn","Kaitlin","Kaitlyn","","","","","","","","","","","","","","","","","","","","","","","",""
"Cameron","Cam","Camron","Camryn","Kamryn","","","","","","","","","","","","","","","","","","","","","","","",""
"Candace","Candi","Candice","Candy","Candyce","","","","","","","","","","","","","","","","","","","","","","","",""
"Carly","Carlie","Carlene","Carla","Carley","Carleigh","","","","","","","","","","","","","","","","","","","","","","",""
"Carlisle","Carlyle","","","","","","","","","","","","","","","","","","","","","","","","","","",""
"Caroline","","Caro","Carlyn","Carol","Carola","Carolina","Carolyn","Caryl","","","","","","","","","","","","","","","","","","","",""
"Carrie","Carry","Cari","","","","","","","","","","","","","","","","","","","","","","","","","",""
"Cassandra","Cass","Cassia","Cassie","","","","","","","","","","","","","","","","","","","","","","","","",""
"Catherine","Cath","Katherine","Kat","Catharine","Cathy","Cathrin","Cathleen","Cath","Cat","","","","","","","","","","","","","","","","","","",""
"Cecilia","Cecelia","Cecily","Celia","","","","","","","","","","","","","","","","","","","","","","","","",""
"Chadwick","Chad","","","","","","","","","","","","","","","","","","","","","","","","","","",""
"Chantal","Chantel","Chantelle","","","","","","","","","","","","","","","","","","","","","","","","","",""
"Charissa","Carissa","","","","","","","","","","","","","","","","","","","","","","","","","","",""
"Charles","Chuck","Charlie","Charley","Charli","Chas","Chaz","","","","","","","","","","","","","","","","","","","","","",""
"Chelsea","Chelsie","Chelsey","Chelsi","","","","","","","","","","","","","","","","","","","","","","","","",""
"Chester","Chet","","","","","","","","","","","","","","","","","","","","","","","","","","",""
"Christopher","Christoph","Topher","Chris","","","","","","","","","","","","","","","","","","","","","","","","",""
"Claire","Clair","Clare","","","","","","","","","","","","","","","","","","","","","","","","","",""
"Matilda","Tillie","Mathilda","Tilda","Tillie","Tilly","","","","","","","","","","","","","","","","","","","","","","",""
"Maurice","Maury","Moritz","Morris","Mo","","","","","","","","","","","","","","","","","","","","","","","",""
"Michelle","Chelle","Michele","","","","","","","","","","","","","","","","","","","","","","","","","",""
"Mildred","Millie","Milly","","","","","","","","","","","","","","","","","","","","","","","","","",""
"Nellie","Nelly","Nelie","","","","","","","","","","","","","","","","","","","","","","","","","",""
"Oliver","Ollie","Oli","","","","","","","","","","","","","","","","","","","","","","","","","",""
"Olivia","Alivia","Liv","Livia","Livvy","Libby","","","","","","","","","","","","","","","","","","","","","","",""
"Patricia","Pat","Patsy","Patty","Pattie","Trish","Trisha","Tricia","Patti","","","","","","","","","","","","","","","","","","","",""
"Rebecca","Becca","Becci","Becka","Beckah","Becky","Bekki","","","","","","","","","","","","","","","","","","","","","",""
"Richard","Rich","Richy","Dick","Richie","Richie","Rick","","","","","","","","","","","","","","","","","","","","","",""
"Robert","Bob","Bobby","Rob","Robbie","Robby","","","","","","","","","","","","","","","","","","","","","","",""
"Russell","Russ","Russel","","","","","","","","","","","","","","","","","","","","","","","","","",""
"Samuel","Sam","","","","","","","","","","","","","","","","","","","","","","","","","","",""
"Sarah","Sara","","","","","","","","","","","","","","","","","","","","","","","","","","",""
"Susan","Sue","Susanna","Susannah","Sukie","Sanna","Susie","Susi","Suzie","","","","","","","","","","","","","","","","","","","",""
"Theresa","Teresa","","","","","","","","","","","","","","","","","","","","","","","","","","",""
"Theodore","Ted","Theo","","Teddy","Teo","","","","","","","","","","","","","","","","","","","","","","",""
"Thomas","Tom","Tommy","Tomy","Tommie","Tomie","Tomas","","","","","","","","","","","","","","","","","","","","","",""
"Virginia","Ginger","Ginny","Jinny","Gini","Ginnie","","","","","","","","","","","","","","","","","","","","","","",""
"William","Willard","Will","Willy","Bill","Billy","WM","Liam","","","","","","","","","","","","","","","","","","","","",""
"Clarice","Clarissa","Clarisse","","","","","","","","","","","","","","","","","","","","","","","","","",""
"Claudia","Cluadette","Claudie","","","","","","","","","","","","","","","","","","","","","","","","","",""
"Cleopatra","Cleo","","","","","","","","","","","","","","","","","","","","","","","","","","",""
"Cleveland","Cleve","","","","","","","","","","","","","","","","","","","","","","","","","","",""
"Clifford","Clifton","Cliff","Clif","","","","","","","","","","","","","","","","","","","","","","","","",""
"Clinton","Clint","","","","","","","","","","","","","","","","","","","","","","","","","","",""
"Colin","Collin","Colan","","","","","","","","","","","","","","","","","","","","","","","","","",""
"Colleen","Coleen","Colene","Collyn","","","","","","","","","","","","","","","","","","","","","","","","",""
"Colton","Colten","Colt","","","","","","","","","","","","","","","","","","","","","","","","","",""
"Connor","Conner","Conor","","","","","","","","","","","","","","","","","","","","","","","","","",""
"Corey","Corie","Cori","Cory","","","","","","","","","","","","","","","","","","","","","","","","",""
"Corinne","Coreen","Corine","Corinna","Corina","Corrine","Corynn","","","","","","","","","","","","","","","","","","","","","",""
"Crystal","Cristal","Kristal","Krystal","Chrystal","Crys","Krys","","","","","","","","","","","","","","","","","","","","","",""
"Curtis","Curt","","","","","","","","","","","","","","","","","","","","","","","","","","",""
"Cynthia","Cindy","Cinthia","","Cindi","Cyndi","Tia","Cyndie","Cyn","","","","","","","","","","","","","","","","","","","",""
"Damian","Damion","Damien","","","","","","","","","","","","","","","","","","","","","","","","","",""
"Dana","Dayna","","","","","","","","","","","","","","","","","","","","","","","","","","",""
"Daniel","Dan","Danny","","","","","","","","","","","","","","","","","","","","","","","","","",""
"Danielle","Danni","Dannie","Dani","","","","","","","","","","","","","","","","","","","","","","","","",""
"Darby","Derby","","","","","","","","","","","","","","","","","","","","","","","","","","",""
"Darcy","Darcey","Darci","","","","","","","","","","","","","","","","","","","","","","","","","",""
"Darlene","Darleen","","","","","","","","","","","","","","","","","","","","","","","","","","",""
"Darren","Darin","Daren","Darian","Darrin","Derrin","","","","","","","","","","","","","","","","","","","","","","",""
"Darryl","Darell","Darrel","Darrell","Derryl","","","","","","","","","","","","","","","","","","","","","","","",""
"David","Dave","Davey","Davie","Davy","Dav","Davis","","","","","","","","","","","","","","","","","","","","","",""
"Deana","Deanna","Deanne","","","","","","","","","","","","","","","","","","","","","","","","","",""
"Deborah","Deb","Debbi","Debbie","Debby","Debi","Debra","","","","","","","","","","","","","","","","","","","","","",""
"Deirdre","Deirdra","Deitra","Deidra","Deidre","","","","","","","","","","","","","","","","","","","","","","","",""
"Dennis","Den","Deni","Denis","Denny","Denice","","","","","","","","","","","","","","","","","","","","","","",""
"Dereck","Derek","Derick","Deryck","Derrick","","","","","","","","","","","","","","","","","","","","","","","",""
"Desiree","Desirae","Deziree","","","","","","","","","","","","","","","","","","","","","","","","","",""
"Destiny","Destinee","","","","","","","","","","","","","","","","","","","","","","","","","","",""
"Diana","Diane","Diann","Dianna","Dianne","Diantha","Dyan","Di","","","","","","","","","","","","","","","","","","","","",""
"Matthew","Mat","Matt","Matty","Mathew","","","","","","","","","","","","","","","","","","","","","","","",""
"Dion","Deon","Deonne","Deonte","Dione","Dionne","","","","","","","","","","","","","","","","","","","","","","",""
"Dolores","Delores","Delora","Deloris","","","","","","","","","","","","","","","","","","","","","","","","",""
"Dominic","Dom","Domenic","Dominick","","","","","","","","","","","","","","","","","","","","","","","","",""
"Donald","Don","Donnie","Donny","Doni","","","","","","","","","","","","","","","","","","","","","","","",""
"Donna","Dona","","","","","","","","","","","","","","","","","","","","","","","","","","",""
"Doreen","Dorine","","","","","","","","","","","","","","","","","","","","","","","","","","",""
"Doris","Dorris","","","","","","","","","","","","","","","","","","","","","","","","","","",""
"Dorothy","Dora","Doretta","Doria","Dorinda","Dorian","Dorothea","Dot","Dottie","Dotty","Dori","","","","","","","","","","","","","","","","","",""
"Mark","Marc","Marcus","Marco","Markus","Marko","","","","","","","","","","","","","","","","","","","","","","",""
"Douglas","Doug","Dougie","","","","","","","","","","","","","","","","","","","","","","","","","",""
"Driscoll","Driskoll","","","","","","","","","","","","","","","","","","","","","","","","","","",""
"Lauren","Lauryn","","","","","","","","","","","","","","","","","","","","","","","","","","",""
"Michael","Mike","Mic","","","","","","","","","","","","","","","","","","","","","","","","","",""
"Dustin","Dusty","","","","","","","","","","","","","","","","","","","","","","","","","","",""
"Dwayne","Dewayne","Dwain","Duane","","","","","","","","","","","","","","","","","","","","","","","","",""
"Dylan","Dillon","","","","","","","","","","","","","","","","","","","","","","","","","","",""
"Earl","Earle","Erle","","","","","","","","","","","","","","","","","","","","","","","","","",""
"Mitchell","Mitchel","Mitch","","","","","","","","","","","","","","","","","","","","","","","","","",""
"Monica","Monika","","","","","","","","","","","","","","","","","","","","","","","","","","",""
"Simone","Symone","","","","","","","","","","","","","","","","","","","","","","","","","","",""
"Edward","Ed","Eddie","Eddy","","","","","","","","","","","","","","","","","","","","","","","","",""
"Edwin","Edwyn","","","","","","","","","","","","","","","","","","","","","","","","","","",""
"Eileen","Aileen","Alene","Ilean","Ileen","","","","","","","","","","","","","","","","","","","","","","","",""
"Eleanor","Elea","Eleanora","Elearnore","Elenora","Eleonor","Nora","Elinor","Elnora","","","","","","","","","","","","","","","","","","","",""
"Eli","Ely","Elli","","","","","","","","","","","","","","","","","","","","","","","","","",""
"Elizabeth","Bess","Bessie","Bessy","Beth","Bette","Bettie","Betsy","Betsey","Bitsy","Libby","Eliza","Liza","Lise","Liz","Lizzie","Betty","Betti","Bettye","","Elissa","Elise","Elisa","Elsa","Elsie","Elspeth","Elspet","Elyzabeth","Elyser"
"Elliot","Eliot","Elliott","","","","","","","","","","","","","","","","","","","","","","","","","",""
"Elwin","Elwyn","","","","","","","","","","","","","","","","","","","","","","","","","","",""
"Emmanuel","Manny","","","","","","","","","","","","","","","","","","","","","","","","","","",""
"Emmet","Emmett","","","","","","","","","","","","","","","","","","","","","","","","","","",""
"Eric","Erik","Erick","","","","","","","","","","","","","","","","","","","","","","","","","",""
"Erica","Ericka","Erykah","Erika","","","","","","","","","","","","","","","","","","","","","","","","",""
"Erin","Eryn","","","","","","","","","","","","","","","","","","","","","","","","","","",""
"Ernest","Earnest","Ern","Ernie","Ernestin","","","","","","","","","","","","","","","","","","","","","","","",""
"Ernestine","Earnestine","Ernesta","","","","","","","","","","","","","","","","","","","","","","","","","",""
"Esmeralda","Esmaralda","Esme","","","","","","","","","","","","","","","","","","","","","","","","","",""
"Esmond","Esmund","","","","","","","","","","","","","","","","","","","","","","","","","","",""
"Estelle","","Estella","Stella","","","","","","","","","","","","","","","","","","","","","","","","",""
"Evangeline","Evangelina","","","","","","","","","","","","","","","","","","","","","","","","","","",""
"Evelyn","Evalyn","Evaline","Eveleen","Eveline","Evelina","Evelyne","Aveline","","","","","","","","","","","","","","","","","","","","",""
"Everitt","Everett","Everette","","","","","","","","","","","","","","","","","","","","","","","","","",""
"Faith","Faithe","","","","","","","","","","","","","","","","","","","","","","","","","","",""
"Fannie","Fanny","","","","","","","","","","","","","","","","","","","","","","","","","","",""
"Farran","Faron","Farron","","","","","","","","","","","","","","","","","","","","","","","","","",""
"Felicia","Fel","","","","","","","","","","","","","","","","","","","","","","","","","","",""
"Florence","Flo","","","","","","","","","","","","","","","","","","","","","","","","","","",""
"Forrest","Forest","","","","","","","","","","","","","","","","","","","","","","","","","","",""
"Francis","Frances","","","","","","","","","","","","","","","","","","","","","","","","","","",""
"Franklin","Franklyn","","","","","","","","","","","","","","","","","","","","","","","","","","",""
"Fraser","Frazier","","","","","","","","","","","","","","","","","","","","","","","","","","",""
"Frederica","Fredrika","","","","","","","","","","","","","","","","","","","","","","","","","","",""
"Frederick","Freddie","Fredrick","Fred","Freddy","","","","","","","","","","","","","","","","","","","","","","","",""
"Friede","Frieda","","","","","","","","","","","","","","","","","","","","","","","","","","",""
"Gabriel","Gabe","","","","","","","","","","","","","","","","","","","","","","","","","","",""
"Gabriella","Gabby","Gabriela","","","","","","","","","","","","","","","","","","","","","","","","","",""
"Gary","Garey","Garry","","","","","","","","","","","","","","","","","","","","","","","","","",""
"Gaylord","Gayelord","","","","","","","","","","","","","","","","","","","","","","","","","","",""
"Gaynor","Gay","Gaenor","","","","","","","","","","","","","","","","","","","","","","","","","",""
"Gemma","Jemma","Gem","","","","","","","","","","","","","","","","","","","","","","","","","",""
"Genevieve","Geneva","Gen","Genny","","","","","","","","","","","","","","","","","","","","","","","","",""
"Geoffrey","Geoff","Jeffrey","Jeffery","Jeffry","Jeff","","","","","","","","","","","","","","","","","","","","","","",""
"George","","Georgie","","","","","","","","","","","","","","","","","","","","","","","","","",""
"Georgina","Georgeanna","Georgene","Georgette","","","","","","","","","","","","","","","","","","","","","","","","",""
"Gertrude","Gertie","Gert","","","","","","","","","","","","","","","","","","","","","","","","","",""
"Gervaise","Gervase","","","","","","","","","","","","","","","","","","","","","","","","","","",""
"Gery","Gerri","Geraldine","","","","","","","","","","","","","","","","","","","","","","","","","",""
"Gilberta","Gilba","","","","","","","","","","","","","","","","","","","","","","","","","","",""
"Gladwyn","Gladwin","Glad","","","","","","","","","","","","","","","","","","","","","","","","","",""
"Glen","Glenn","","","","","","","","","","","","","","","","","","","","","","","","","","",""
"Glenna","Glenice","","","","","","","","","","","","","","","","","","","","","","","","","","",""
"Glibert","Gill","Gib","","","","","","","","","","","","","","","","","","","","","","","","","",""
"Glies","Gyles","","","","","","","","","","","","","","","","","","","","","","","","","","",""
"Gloria","Gloriana","Glory","","","","","","","","","","","","","","","","","","","","","","","","","",""
"Godwin","Goodwin","","","","","","","","","","","","","","","","","","","","","","","","","","",""
"Gordon","Gorden","Gord","Gordie","","","","","","","","","","","","","","","","","","","","","","","","",""
"Grace","Gracie","","","","","","","","","","","","","","","","","","","","","","","","","","",""
"Graham","Graeme","Grahame","","","","","","","","","","","","","","","","","","","","","","","","","",""
"Grayson","Greyson","Grey","Gray","Graison","","","","","","","","","","","","","","","","","","","","","","","",""
"Gregory","Greg","Gregg","Greig","","","","","","","","","","","","","","","","","","","","","","","","",""
"Guinevere","Guenevere","Gwenevere","","","","","","","","","","","","","","","","","","","","","","","","","",""
"Gwendolen","Gwen","Gwenn","Guendolen","Gwendolyn","Gwendoline","Gwenda","","","","","","","","","","","","","","","","","","","","","",""
"Gwyeneth","Gwneenth","Gweneth","Gwenyth","","","","","","","","","","","","","","","","","","","","","","","","",""
"Hamilton","Ham","","","","","","","","","","","","","","","","","","","","","","","","","","",""
"Hannah","Hana","Hanna","Hanah","","","","","","","","","","","","","","","","","","","","","","","","",""
"Harmony","Harmonie","","","","","","","","","","","","","","","","","","","","","","","","","","",""
"Harriet","Hattie","Harriett","Hatty","","","","Harietta","","","","","","","","","","","","","","","","","","","","",""
"Jillian","Jill","Gillian","","","","","","","","","","","","","","","","","","","","","","","","","",""
"Harry","Harrison","Harris","","","","","","","","","","","","","","","","","","","","","","","","","",""
"Harvey","Harve","Harvie","Hervey","","","","","","","","","","","","","","","","","","","","","","","","",""
"Hayden","Hadyn","","","","","","","","","","","","","","","","","","","","","","","","","","",""
"Hayley","Hailee","Hailey","Hali","Haleigh","Haley","Hayleigh","Haylee","Haylie","","","","","","","","","","","","","","","","","","","",""
"Hazel","Haze","","","","","","","","","","","","","","","","","","","","","","","","","","",""
"Hedley","Headley","","","","","","","","","","","","","","","","","","","","","","","","","","",""
"Helen","Helena","Hellen","","","","","","","","","","","","","","","","","","","","","","","","","",""
"Herbert","Herb","Herbie","","","","","","","","","","","","","","","","","","","","","","","","","",""
"Hillary","Hilary","Hilaria","","","","","","","","","","","","","","","","","","","","","","","","","",""
"Hilda","Hylda","Hildy","","","","","","","","","","","","","","","","","","","","","","","","","",""
"Hiram","Hyram","","","","","","","","","","","","","","","","","","","","","","","","","","",""
"Holly","Holli","Hollie","","","","","","","","","","","","","","","","","","","","","","","","","",""
"Honour","Honor","","","","","","","","","","","","","","","","","","","","","","","","","","",""
"Horatius","Horace","Horatio","","","","","","","","","","","","","","","","","","","","","","","","","",""
"Hugh","Hughie","Hewie","Huey","","","","","","","","","","","","","","","","","","","","","","","","",""
"Humphrey","Huffie","Humphry","","","","","","","","","","","","","","","","","","","","","","","","","",""
"Imogen","Inogene","","","","","","","","","","","","","","","","","","","","","","","","","","",""
"Iona","Ione","","","","","","","","","","","","","","","","","","","","","","","","","","",""
"Irma","","Erma","","","","","","","","","","","","","","","","","","","","","","","","","",""
"Irving","Irvine","Irwin","Irv","Irvin","","","","","","","","","","","","","","","","","","","","","","","",""
"Isaac","Ike","Issac","","","","","","","","","","","","","","","","","","","","","","","","","",""
"Isaiah","Isiah","","","","","","","","","","","","","","","","","","","","","","","","","","",""
"Jacinta","Jacinda","","","","","","","","","","","","","","","","","","","","","","","","","","",""
"Jacob","Jaycob","Jakob","","","","","","","","","","","","","","","","","","","","","","","","","",""
"Jacqueline","Jacaline","Jackalyn","Jackie","Jacki","Jaclyn","Jacquelyn","Jacqui","Jaki","Jakki","Jackie","Jaquelyn","Jacquie","","","","","","","","","","","","","","","",""
"Jacquette","Jacquetta","","","","","","","","","","","","","","","","","","","","","","","","","","",""
"Jaden","Jayden","Jadon","Jaydon","Jadyn","","","","","","","","","","","","","","","","","","","","","","","",""
"Jalan","Jaylen","Jaylin","Jaylon","Jaylyn","","","","","","","","","","","","","","","","","","","","","","","",""
"Jamal","Jamaar","Jamar","","","","","","","","","","","","","","","","","","","","","","","","","",""
"Janine","Jannine","","","","","","","","","","","","","","","","","","","","","","","","","","",""
"Jarvis","Jervis","","","","","","","","","","","","","","","","","","","","","","","","","","",""
"Jasmine","Jasmin","Jasmyn","Jazmin","Jazmine","","","","","","","","","","","","","","","","","","","","","","","",""
"Jason","Jayson","","","","","","","","","","","","","","","","","","","","","","","","","","",""
"Jean","Jeana","Jeane","Jeanie","Jeanne","Jeanette","Jeanna","Jeannie","Jeannine","","","","","","","","","","","","","","","","","","","",""
"Jebidiah","Jeb","Jebi","","","","","","","","","","","","","","","","","","","","","","","","","",""
"Jennifer","Jenny","Jen","Jena","Jenifer","Jeni","","Jenna","Jennica","Jennie","Jenn","","","","","","","","","","","","","","","","","",""
"Jessica","Jess","Jessika","","","","","","","","","","","","","","","","","","","","","","","","","",""
"Jett","Jetta","Jet","","","","","","","","","","","","","","","","","","","","","","","","","",""
"Jewel","Jewell","","","","","","","","","","","","","","","","","","","","","","","","","","",""
"Joan","Joanne","Joanna","Joandra","","","","","","","","","","","","","","","","","","","","","","","","",""
"John","Jack","","","","","Johnnie","Johnny","","","","","","","","","","","","","","","","","","","","",""
"Joseph","Joe","Joey","","","","","","","","","","","","","","","","","","","","","","","","","",""
"Karen","Caren","Carin","Caryn","Kary","","","","","","","","","","","","","","","","","","","","","","","",""
"Kaylee","Caelie","Caileigh","Caleigh","Cayley","Kay","","K-Lee","","","","","","","","","","","","","","","","","","","","",""
"Kaylyn","Cailyn","Calin","Kaylie","Kayl","Lyn","","","","","","","","","","","","","","","","","","","","","","",""
"Kimberly","Kim","Kimmy","Kimber","Kimba","","","","","","","","","","","","","","","","","","","","","","","",""
"LLoyd","","Loyd","","","","","","","","","","","","","","","","","","","","","","","","","",""
"Lucy","Lucia","","","","","","","","","","","","","","","","","","","","","","","","","","",""
"Manuel","Manoel","","","","","","","","","","","","","","","","","","","","","","","","","","",""
"Eugene","Gene","","","","","","","","","","","","","","","","","","","","","","","","","","",""
"Margaret","Maggie","Margarita","Margueritte","Margerie","Margo","Margot","Marguerite","Marge","Peggy","Peg","","","","","","","","","","","","","","","","","",""
"Timothy","Tim","Timmy","","","","","","","","","","","","","","","","","","","","","","","","","",""
"Jonathan","Jon","Jonny","","","","","","","","","","","","","","","","","","","","","","","","","",""
"Meghan","Megan","Meaghan","Meg","Meagan","Maegan","Megyn","","","","","","","","","","","","","","","","","","","","","",""
"Joshua","Josh","","","","","","","","","","","","","","","","","","","","","","","","","","",""
"Stephanie","Stefanie","Steph","Stef","","","","","","","","","","","","","","","","","","","","","","","","",""
"Phillip","Philip","Phil","Phill","","","","","","","","","","","","","","","","","","","","","","","","",""
"Stephen","Steven","Steve","","","","","","","","","","","","","","","","","","","","","","","","","",""
"Howard","Howie","Howerd","","","","","","","","","","","","","","","","","","","","","","","","","",""
"Nathaniel","Nathan","Nate","","","","","","","","","","","","","","","","","","","","","","","","","",""
"Nicholas","Nick","","","","","","","","","","","","","","","","","","","","","","","","","","",""
"Peter","Pete","","","","","","","","","","","","","","","","","","","","","","","","","","",""
"Raymond","Ray","","","","","","","","","","","","","","","","","","","","","","","","","","",""
"Stanley","Stan","","","","","","","","","","","","","","","","","","","","","","","","","","",""
"Zachary","Zach","Zackary","Zack","","","","","","","","","","","","","","","","","","","","","","","","",""
"Pamela","Pam","","","","","","","","","","","","","","","","","","","","","","","","","","",""